Region,Year,Avg_expenditure_per_journey,Avg_expenditure_per_stay,Avg_duration_of_stay,Avg_expenditure_per_journey_pct_diff,Avg_expenditure_per_stay_pct_diff,Avg_duration_of_stay_pct_diff
Attica,2016,381.7168607865996,70.01203136228933,5.452160912334336,NA,NA,NA
Attica,2017,405.5216388722123,70.7670753329427,5.730371602391748,6.236239613979437,1.078448883658661,5.102760071296138
Attica,2018,401.1600811644533,72.61034174237483,5.524833949794502,-1.0755425332884432,2.6046949103944046,-3.58681193574704
Attica,2019,437.5583255673396,76.16579048701293,5.744814342102153,9.073246843811718,4.896614806266869,3.9816652284333927
Attica,2020,469.3746011611667,61.05983633766274,7.68712511061299,7.271322183750942,-19.832990707194085,33.8098092096063
Attica,2021,555.4106605737152,68.41195910415948,8.118619432138816,18.329935024116637,12.040849120261772,5.613207998008216
Attica,2022,506.6294911970798,81.09290582690659,6.247519262393732,-8.782901164742956,18.53615491911282,-23.04702400925511
Attica,2023,480.03870702490343,85.39082047356852,5.621666408200076,-5.24856618775722,5.299988455014632,-10.017621841694991
Attica,2024,540.8091248520171,99.3548387096774,5.443208724159914,12.659482857902344,16.353067178258613,-3.1744623583472307
Central Greece,2016,286.8330885952031,63.5230352303523,4.5154185022026425,NA,NA,NA
Central Greece,2017,301.14804526064523,56.226473393995825,5.355983170959527,4.990692229948515,-11.48648173044172,18.615432176371975
Central Greece,2018,353.09563944378453,64.63208808631609,5.463163111366999,17.249852688958477,14.949567676812292,2.00112541407166
Central Greece,2019,265.42205546689775,60.48619050257474,4.388143033335839,-24.82998207369397,-6.41461185379699,-19.67761269646893
Central Greece,2020,397.8670129150418,54.03415849944655,7.363249913832137,49.899755773936434,-10.666950504766124,67.7987672210092
Central Greece,2021,469.6493582925615,62.76644486952232,7.482490991306893,18.04179362636622,16.16067800919896,1.6194082622505768
Central Greece,2022,416.2192689536324,73.23418256854298,5.683401580458349,-11.376591577422221,16.677283094144958,-24.043990336088793
Central Greece,2023,336.25450840665127,67.70049991356146,4.9667950581749585,-19.21217168729624,-7.556147226470795,-12.608761005862238
Central Greece,2024,414.1,98.8,4.191295546558705,23.15076516363191,45.936883961190404,-15.613680502879646
Central Macedonia,2016,263.98363366230274,46.4667340548343,5.681131653255034,NA,NA,NA
Central Macedonia,2017,255.00061617091689,45.409796509026904,5.615541926514159,-3.402869097133971,-2.274611218770242,-1.1545186900094937
Central Macedonia,2018,290.5950282871315,50.9153305203529,5.707417104382127,13.958559257894931,12.124110730669244,1.636087470635264
Central Macedonia,2019,332.7691976086911,55.13073814432769,6.036001127674529,14.513038839703782,8.27925023935515,5.757140529296812
Central Macedonia,2020,322.2339915579892,44.97191521470528,7.165227231697319,-3.1659198406609823,-18.426785621892922,18.708182456185902
Central Macedonia,2021,344.98923763042177,47.52561725519948,7.259016453756393,7.061714986184977,5.678437372084993,1.308949723801813
Central Macedonia,2022,271.357452067719,44.53809883910884,6.092703980203134,-21.34321234727404,-6.286122282322997,-16.06708678762832
Central Macedonia,2023,230.7109898749856,46.93948420367597,4.9150729665861554,-14.978937148403734,5.391755434469675,-19.328544722399524
Central Macedonia,2024,211.41889680879825,47.894696129747565,4.414244454877859,-8.36201737795025,2.0349859873338634,-10.189645507056532
Crete,2016,682.1805277860558,78.59865410782697,8.679290193063538,NA,NA,NA
Crete,2017,678.2542151400789,80.95000154951381,8.378680693726961,-0.5755533155892443,2.9915874112311167,-3.4635263097531093
Crete,2018,599.388376401302,71.51848464236134,8.380887534161712,-11.62776979166858,-11.651039810522544,0.026338758038632865
Crete,2019,681.0082487432287,83.24523259225215,8.180747744185075,13.617193051351501,16.39680707516683,-2.388050062249831
Crete,2020,697.1989836857159,81.96487919871473,8.506069800889167,2.3774653203344474,-1.5380501125016866,3.9766787447435092
Crete,2021,760.7212927328613,89.12725917758694,8.535225920244184,9.111073098720993,8.73835238810981,0.3427683999485774
Crete,2022,715.9096823351033,87.39050282918308,8.192076474653643,-5.890673867793827,-1.9486253301510756,-4.020390892953936
Crete,2023,941.0768503960948,113.3648958299518,8.301307415372365,31.451895904879677,29.722214840140353,1.333373059402999
Crete,2024,766.6890417855344,97.81910520365868,7.837825138446047,-18.53066607016859,-13.713055097419161,-5.583244346162167
Eastern Macedonia & Thrace,2016,211.53467188599257,53.26243545869328,3.971554625023567,NA,NA,NA
Eastern Macedonia & Thrace,2017,208.99878689020272,52.02625068051224,4.01717948451912,-1.198803474239234,-2.3209317552513005,1.1487909346150003
Eastern Macedonia & Thrace,2018,166.65739401005234,49.7378130474808,3.3507181719260064,-20.259157246876452,-4.398621086659691,-16.59027970150289
Eastern Macedonia & Thrace,2019,114.74371931951944,43.244347561298746,2.6533807489376624,-31.14993787038432,-13.055390030887063,-20.811580897223344
Eastern Macedonia & Thrace,2020,151.64333611376043,38.80893708312868,3.9074333777537023,32.15828893561398,-10.256624803699212,47.26244544127813
Eastern Macedonia & Thrace,2021,402.7487500609438,52.84381503171135,7.621492691609339,165.58948146511895,36.164035924302645,95.05112320023144
Eastern Macedonia & Thrace,2022,334.4959212900892,62.217518408506415,5.37623373362247,-16.946751233995535,17.73850614526968,-29.459569782947128
Eastern Macedonia & Thrace,2023,254.41177071666772,55.85610618359439,4.554770965960952,-23.941742029185782,-10.22447115801759,-15.279521099020792
Eastern Macedonia & Thrace,2024,267.1422634713949,67.1284612840907,3.9795678071755094,5.003892987681318,20.18106142853033,-12.628585785851643
Epirus,2016,303.9934631948843,60.1416614507565,5.054623631304095,NA,NA,NA
Epirus,2017,303.30884398654337,59.39243246522184,5.106860106532101,-0.22520852953409257,-1.2457736741245944,1.0334394613378757
Epirus,2018,269.5766602403608,66.00018428075632,4.084483447706998,-11.121398012277915,11.125578699615897,-20.019672313275183
Epirus,2019,252.94142148773136,65.2908515226892,3.8740714141219583,-6.170875007427232,-1.0747436023052745,-5.151496787266057
Epirus,2020,309.57079723848454,65.74093936168165,4.708950012644993,22.388336167985017,0.6893582002618691,21.550418391351638
Epirus,2021,299.3808562932932,64.478161312621907,4.643135756333796,-3.2916350754303494,-1.9208396796894285,-1.3976418550731249
Epirus,2022,240.30746199931468,81.88870366736467,2.934561804463942,-19.73185427598161,27.002231453728758,-36.797846143937385
Epirus,2023,192.98752934937067,76.50734156300904,2.5224707251190033,-19.691412100253032,-6.571556104020096,-14.042678491830765
Epirus,2024,191.9009794844306,73.05038213252207,2.626967496710687,-0.5630155837546739,-4.518467587375151,4.142635652857922
Ionian Islands,2016,611.9468067831543,69.95913715510186,8.747203462879293,NA,NA,NA
Ionian Islands,2017,598.3621033624955,71.15694465670123,8.40904715975807,-2.219915729615465,1.7121530514931735,-3.8658790155764113
Ionian Islands,2018,534.7640174190003,68.2939685342644,7.830325706591482,-10.628695498278686,-4.023466910010465,-6.882128761699521
Ionian Islands,2019,627.0786390179977,80.4913399433955,7.790634861576198,17.262683836610254,17.86010049044295,-0.5068862586632038
Ionian Islands,2020,554.0890374836359,64.52377752301678,8.587362035429226,-11.639624919876583,-19.837615365339563,10.226729759631361
Ionian Islands,2021,744.6410163350644,90.15262751249644,8.259781626795586,34.39013695647354,39.7200086128519,-3.814680309064976
Ionian Islands,2022,821.0072598361346,108.5387575032762,7.564185169628028,10.255444143666121,20.39444717041795,-8.421487257132455
Ionian Islands,2023,603.5758806667785,75.75100990396425,7.967892196183008,-26.483490439871794,-30.208331432504437,5.3370854560244965
Ionian Islands,2024,577.8205016167088,80.37016628310266,7.189489935622941,-4.267131917467835,6.0978149136156725,-9.769236849526624
North Aegean,2016,398.5798897223552,53.19702866459954,7.4925216638574,NA,NA,NA
North Aegean,2017,457.8850460440541,51.85177096556415,8.830653949083922,14.879114037341424,-2.5288211255502087,17.85957178717862
North Aegean,2018,422.20001054290833,52.73899547735142,8.00546174081417,-7.7934485542715075,1.7110785133578141,-9.344633059201204
North Aegean,2019,460.1345035099732,56.96233072014383,8.07787352962462,8.984957844573419,8.007993335038217,0.9045298217000298
North Aegean,2020,559.1918065265412,42.26688090607089,13.230023000022772,21.527901572462934,-25.798540242799668,63.78101181583581
North Aegean,2021,683.3312141380527,53.42965230455855,12.789362922351485,22.1997901547614,26.410208558550934,-3.330758213122751
North Aegean,2022,638.1054525643915,58.36175532751397,10.93362338030234,-6.618424658195739,9.23102212015446,-14.51002331637598
North Aegean,2023,715.8597614213855,72.91586092164245,9.817613786260711,12.185181703826268,24.937744782441655,-10.207134041695591
North Aegean,2024,677.2,64.1180110065453,10.5617749111224,-5.400465776233051,-12.06575606993323,7.579857397763065
Peloponnese,2016,383.7320527114867,56.16455428321439,6.832281634008635,NA,NA,NA
Peloponnese,2017,422.7321701421613,58.93435957475498,7.172932279105346,10.163372372752319,4.931589553036625,4.98589875746742
Peloponnese,2018,468.9508310072655,62.81724399129614,7.465320049256581,10.933319990660102,6.588490049876482,4.0762655881048335
Peloponnese,2019,463.993701279911,64.47292986016325,7.196721202003339,-1.05706811878486,2.635718735283132,-3.597954883126417
Peloponnese,2020,475.37224191994017,47.79264118829034,9.946557254433785,2.4523049792792064,-25.871770847161983,38.209567596768636
Peloponnese,2021,523.2646674119484,60.97928175107563,8.581023790145222,10.074720664921369,27.591361839228394,-13.728704609626222
Peloponnese,2022,508.5694518311186,56.32658263719184,9.028942073530228,-2.808371460185124,-7.629967064677211,5.2198699635282715
Peloponnese,2023,523.6105930920082,69.1690670164674,7.570010926522254,2.957539271525957,22.80004178843223,-16.1583841731033
Peloponnese,2024,490.9475353508656,69.14200632793597,7.100568256904982,-6.238043724108365,-0.03912252933089063,-6.20134731870116
South Aegean,2016,600.0374481512584,78.41001580178317,7.652561245085384,NA,NA,NA
South Aegean,2017,625.5028082698839,79.06229364089941,7.911518619873525,4.2439618055648545,0.8318807647803123,3.3839307716020937
South Aegean,2018,665.8323347331986,86.40832873602128,7.705649958435446,6.44753723406369,9.291452039688505,-2.602138367227532
South Aegean,2019,750.6911528835798,97.32795707087033,7.713006370173336,12.744772778928551,12.637240523663728,0.09546776427128732
South Aegean,2020,799.1418414075681,92.21067681133236,8.666478427901056,6.454144069485558,-5.257770134650792,12.361873074743661
South Aegean,2021,861.2879667103346,104.34211125595333,8.254461754157703,7.776607616153022,13.156214512385029,-4.754141802475365
South Aegean,2022,702.9669277923684,91.62452208663044,7.672257511233918,-18.38189374950505,-12.188357141946636,-7.053206620413896
South Aegean,2023,767.2778034151809,105.4584054297032,7.275643892858168,9.148492351521774,15.098450750982273,-5.169451335477441
South Aegean,2024,751.9534606994116,110.93188321276084,6.778515237654525,-1.9972352448565651,5.190176886095779,-6.832778823763336
Thessaly,2016,421.9738032475237,58.86487415047894,7.168516187919012,NA,NA,NA
Thessaly,2017,417.6008371355462,57.62995235291075,7.246246441056692,-1.036312225622296,-2.097892529951401,1.0843283477364134
Thessaly,2018,400.6877924763951,64.13268714962317,6.24779360237285,-4.050050468088845,11.283602590700355,-13.77889707182304
Thessaly,2019,440.335449176359,72.62563314973812,6.063085856593965,9.894900080416006,13.242772722591054,-2.9563676000554038
Thessaly,2020,492.9199421636915,63.54958058840676,7.756462554115014,11.941916801313857,-12.497037433902339,27.929287784691393
Thessaly,2021,653.5633818499465,74.27064478700017,8.799753707865236,32.59016849290056,16.87039332018696,13.45060517563805
Thessaly,2022,357.1469431021362,52.038611591102594,6.863114371852306,-45.35389328404347,-29.933809326223752,-22.00788113287714
Thessaly,2023,406.08835069234925,62.16636416625073,6.532284075780148,13.70343734853608,19.461996132271427,-4.820410649558633
Thessaly,2024,343.50816852966466,59.48038412863843,5.775150472914875,-15.410484456397288,-4.3206323445733785,-11.59064110013998
Western Greece,2016,283.4547614734829,53.08073489795071,5.340068520498691,NA,NA,NA
Western Greece,2017,281.8832736758977,56.35365304004611,5.002040834435089,-0.5544051507253266,6.165924696385009,-6.330025256530501
Western Greece,2018,302.9048924454362,66.52559899255918,4.553208043708344,7.457561598248143,18.05019799743003,-8.972993335777801
Western Greece,2019,315.01081021201804,56.80509014616747,5.545468010022535,3.996606878432165,-14.611681809101693,21.792546195759783
Western Greece,2020,371.2965281139773,52.72208637202154,7.0425234216644395,17.867868681737026,-7.187742794949867,26.99601564622173
Western Greece,2021,364.8173807408627,54.049352325584906,6.749708646706059,-1.7450061830703882,2.5174761563831307,-4.157810452679699
Western Greece,2022,378.8055818663002,74.07462528411384,5.1138373014158125,3.8343022739296573,37.04997765357075,-24.236177158381082
Western Greece,2023,372.87654678804574,76.6411988466967,4.865223305469171,-1.5651921096419104,3.464848526386392,-4.861593775731001
Western Greece,2024,425.2,89.28510317922041,4.762272594863933,14.032379795046875,16.497529426457664,-2.116053141682273
Western Macedonia,2016,205.07325069863063,45.91537229355063,4.466331001032429,NA,NA,NA
Western Macedonia,2017,202.7497253652395,52.30722558664594,3.876132276015832,-1.133022139881965,13.92094406254683,-13.214397340460598
Western Macedonia,2018,173.55764342711703,46.015755820536654,3.771700373758914,-14.398087043291904,-12.027917167366457,-2.6942295778476537
Western Macedonia,2019,248.36378026743765,49.74306346190922,4.992932943456977,43.101608988908836,8.100068280762839,32.378833117143145
Western Macedonia,2020,370.0843087817918,41.73983062567498,8.866454492849469,49.008969175491565,-16.0891434488403,77.58008355526934
Western Macedonia,2021,428.0094155848833,37.768160353298306,11.332546027688773,15.651867811895043,-9.515300404534045,27.81372798820694
Western Macedonia,2022,279.9473871759959,50.15045457031182,5.582150542294781,-34.59317085502844,32.785007533289,-50.7423086687146
Western Macedonia,2023,246.3769520668213,55.28391380016759,4.456575794495838,-11.991694385084479,10.23611704786956,-20.1638192891915
Western Macedonia,2024,234.5,60.15804231455519,3.898065677966102,-4.820642502144473,8.816540254378344,-12.5322701168806
